Location,Order
Bangalore,Good
Bangalore,Good
Bangalore,Good
Bangalore,Good
Bangalore,Good
Bangalore,Good
Bangalore,Good
Bangalore,Good
Bangalore,Good
Bangalore,Defective
Bangalore,Good
Bangalore,Good
Bangalore,Good
Bangalore,Good
Bangalore,Good
Bangalore,Good
Bangalore,Good
Bangalore,Good
Bangalore,Good
Bangalore,Good
Bangalore,Good
Bangalore,Good
Bangalore,Good
Bangalore,Good
Bangalore,Good
Bangalore,Good
Bangalore,Good
Bangalore,Good
Bangalore,Good
Bangalore,Good
Bangalore,Good
Bangalore,Good
Bangalore,Good
Bangalore,Good
Bangalore,Good
Bangalore,Good
Bangalore,Good
Bangalore,Good
Bangalore,Good
Bangalore,Good
Bangalore,Good
Bangalore,Good
Bangalore,Good
Bangalore,Good
Bangalore,Good
Bangalore,Good
Bangalore,Good
Bangalore,Good
Bangalore,Good
Bangalore,Good
Bangalore,Good
Bangalore,Good
Bangalore,Good
Bangalore,Good
Bangalore,Good
Bangalore,Good
Bangalore,Good
Bangalore,Good
Bangalore,Good
Bangalore,Good
Bangalore,Good
Bangalore,Good
Bangalore,Good
Bangalore,Good
Bangalore,Good
Bangalore,Good
Bangalore,Good
Bangalore,Good
Bangalore,Good
Bangalore,Good
Bangalore,Good
Bangalore,Good
Bangalore,Good
Bangalore,Good
Bangalore,Good
Bangalore,Good
Bangalore,Good
Bangalore,Good
Bangalore,Good
Bangalore,Good
Bangalore,Good
Bangalore,Good
Bangalore,Good
Bangalore,Good
Bangalore,Good
Bangalore,Good
Bangalore,Good
Bangalore,Good
Bangalore,Good
Bangalore,Good
Bangalore,Good
Bangalore,Good
Bangalore,Good
Bangalore,Good
Bangalore,Good
Bangalore,Good
Bangalore,Good
Bangalore,Good
Bangalore,Good
Bangalore,Good
Bangalore,Good
Bangalore,Good
Bangalore,Good
Bangalore,Good
Bangalore,Good
Bangalore,Good
Bangalore,Good
Bangalore,Good
Bangalore,Good
Bangalore,Good
Bangalore,Good
Bangalore,Defective
Bangalore,Good
Bangalore,Good
Bangalore,Good
Bangalore,Good
Bangalore,Good
Bangalore,Good
Bangalore,Good
Bangalore,Good
Bangalore,Good
Bangalore,Good
Bangalore,Good
Bangalore,Good
Bangalore,Good
Bangalore,Good
Bangalore,Good
Bangalore,Good
Bangalore,Good
Bangalore,Good
Bangalore,Good
Bangalore,Good
Bangalore,Good
Bangalore,Good
Bangalore,Good
Bangalore,Good
Bangalore,Good
Bangalore,Good
Bangalore,Good
Bangalore,Good
Bangalore,Good
Bangalore,Good
Bangalore,Good
Bangalore,Good
Bangalore,Good
Bangalore,Good
Bangalore,Good
Bangalore,Good
Bangalore,Good
Bangalore,Good
Bangalore,Good
Bangalore,Good
Bangalore,Good
Bangalore,Good
Bangalore,Good
Bangalore,Good
Bangalore,Good
Bangalore,Good
Bangalore,Good
Bangalore,Good
Bangalore,Good
Bangalore,Good
Bangalore,Good
Bangalore,Good
Bangalore,Good
Bangalore,Good
Bangalore,Good
Bangalore,Good
Bangalore,Good
Bangalore,Good
Bangalore,Good
Bangalore,Good
Bangalore,Good
Bangalore,Good
Bangalore,Good
Bangalore,Good
Bangalore,Good
Bangalore,Good
Bangalore,Good
Bangalore,Good
Bangalore,Good
Bangalore,Good
Bangalore,Good
Bangalore,Good
Bangalore,Good
Bangalore,Good
Bangalore,Good
Bangalore,Good
Bangalore,Good
Bangalore,Good
Bangalore,Good
Bangalore,Good
Bangalore,Good
Bangalore,Good
Bangalore,Good
Bangalore,Good
Bangalore,Good
Bangalore,Good
Bangalore,Good
Bangalore,Good
Bangalore,Good
Bangalore,Good
Bangalore,Good
Bangalore,Good
Bangalore,Good
Bangalore,Good
Bangalore,Good
Bangalore,Good
Bangalore,Good
Bangalore,Good
Bangalore,Good
Bangalore,Good
Bangalore,Good
Bangalore,Good
Bangalore,Good
Bangalore,Good
Bangalore,Good
Bangalore,Good
Bangalore,Good
Bangalore,Defective
Bangalore,Good
Bangalore,Good
Bangalore,Good
Bangalore,Good
Bangalore,Good
Bangalore,Good
Bangalore,Good
Bangalore,Good
Bangalore,Good
Bangalore,Good
Bangalore,Good
Bangalore,Good
Bangalore,Good
Bangalore,Good
Bangalore,Good
Bangalore,Good
Bangalore,Good
Bangalore,Good
Bangalore,Good
Bangalore,Good
Bangalore,Good
Bangalore,Good
Bangalore,Good
Bangalore,Good
Bangalore,Good
Bangalore,Good
Bangalore,Good
Bangalore,Good
Bangalore,Good
Bangalore,Good
Bangalore,Good
Bangalore,Good
Bangalore,Good
Bangalore,Good
Bangalore,Good
Bangalore,Good
Bangalore,Good
Bangalore,Good
Bangalore,Good
Bangalore,Good
Bangalore,Good
Bangalore,Good
Bangalore,Good
Bangalore,Good
Bangalore,Good
Bangalore,Good
Bangalore,Good
Bangalore,Good
Bangalore,Good
Bangalore,Good
Bangalore,Good
Bangalore,Good
Bangalore,Good
Bangalore,Good
Bangalore,Good
Bangalore,Good
Bangalore,Good
Bangalore,Good
Bangalore,Good
Bangalore,Good
Bangalore,Good
Bangalore,Good
Bangalore,Good
Bangalore,Good
Bangalore,Good
Bangalore,Good
Bangalore,Good
Bangalore,Good
Bangalore,Good
Bangalore,Good
Bangalore,Good
Bangalore,Good
Bangalore,Good
Bangalore,Good
Bangalore,Good
Bangalore,Good
Bangalore,Good
Bangalore,Good
Bangalore,Good
Bangalore,Good
Bangalore,Good
Bangalore,Good
Bangalore,Good
Bangalore,Good
Bangalore,Good
Bangalore,Good
Bangalore,Good
Bangalore,Good
Bangalore,Good
Bangalore,Good
Bangalore,Good
Bangalore,Good
Bangalore,Good
Bangalore,Good
Bangalore,Good
Bangalore,Good
Bangalore,Good
Bangalore,Good
Bangalore,Good
Bangalore,Good
Bangalore,Good
Bangalore,Good
Bangalore,Good
Bangalore,Good
Bangalore,Good
Bangalore,Good
Bangalore,Good
Bangalore,Good
Bangalore,Good
Bangalore,Good
Bangalore,Good
Bangalore,Good
Bangalore,Good
Bangalore,Good
Bangalore,Good
Bangalore,Good
Bangalore,Good
Bangalore,Good
Bangalore,Good
Bangalore,Good
Bangalore,Good
Bangalore,Good
Bangalore,Good
Bangalore,Good
Bangalore,Good
Bangalore,Good
Bangalore,Good
Bangalore,Good
Bangalore,Good
Bangalore,Good
Bangalore,Good
Bangalore,Good
Bangalore,Good
Bangalore,Good
Bangalore,Good
Bangalore,Good
Bangalore,Good
Bangalore,Good
Bangalore,Good
Bangalore,Good
Bangalore,Good
Bangalore,Good
Bangalore,Good
Bangalore,Good
Bangalore,Good
Bangalore,Good
Bangalore,Good
Bangalore,Good
Bangalore,Good
Bangalore,Good
Bangalore,Good
Bangalore,Good
Bangalore,Good
Bangalore,Good
Bangalore,Defective
Bangalore,Good
Bangalore,Good
Bangalore,Good
Bangalore,Good
Bangalore,Good
Bangalore,Good
Bangalore,Good
Bangalore,Good
Bangalore,Good
Bangalore,Good
Bangalore,Good
Bangalore,Good
Bangalore,Good
Bangalore,Good
Bangalore,Good
Bangalore,Good
Bangalore,Good
Bangalore,Good
Bangalore,Good
Bangalore,Good
Bangalore,Good
Bangalore,Good
Bangalore,Good
Bangalore,Good
Bangalore,Good
Bangalore,Good
Bangalore,Good
Bangalore,Good
Bangalore,Good
Bangalore,Good
Bangalore,Good
Bangalore,Good
Bangalore,Good
Bangalore,Good
Bangalore,Good
Bangalore,Good
Bangalore,Good
Bangalore,Good
Bangalore,Good
Bangalore,Good
Bangalore,Good
Bangalore,Good
Bangalore,Good
Bangalore,Good
Bangalore,Good
Bangalore,Good
Bangalore,Good
Bangalore,Good
Bangalore,Good
Bangalore,Good
Bangalore,Good
Bangalore,Good
Bangalore,Good
Bangalore,Good
Bangalore,Good
Bangalore,Good
Bangalore,Good
Bangalore,Good
Bangalore,Good
Bangalore,Good
Bangalore,Good
Bangalore,Good
Bangalore,Good
Bangalore,Good
Bangalore,Good
Bangalore,Good
Bangalore,Good
Bangalore,Good
Bangalore,Good
Bangalore,Good
Bangalore,Good
Bangalore,Good
Bangalore,Good
Bangalore,Good
Bangalore,Good
Bangalore,Good
Bangalore,Good
Bangalore,Good
Bangalore,Good
Bangalore,Good
Bangalore,Good
Bangalore,Good
Bangalore,Good
Bangalore,Good
Bangalore,Good
Bangalore,Good
Bangalore,Good
Bangalore,Good
Bangalore,Good
Bangalore,Defective
Bangalore,Good
Bangalore,Good
Bangalore,Good
Bangalore,Good
Bangalore,Good
Bangalore,Good
Bangalore,Good
Bangalore,Good
Bangalore,Good
Bangalore,Good
Bangalore,Good
Bangalore,Good
Bangalore,Good
Bangalore,Good
Bangalore,Good
Bangalore,Good
Bangalore,Good
Bangalore,Good
Bangalore,Good
Bangalore,Good
Bangalore,Good
Bangalore,Good
Bangalore,Good
Bangalore,Good
Bangalore,Good
Bangalore,Good
Bangalore,Good
Bangalore,Good
Bangalore,Good
Bangalore,Good
Bangalore,Good
Bangalore,Good
Bangalore,Good
Bangalore,Good
Bangalore,Good
Bangalore,Good
Bangalore,Good
Bangalore,Good
Bangalore,Good
Bangalore,Good
Bangalore,Good
Bangalore,Good
Bangalore,Good
Bangalore,Good
Bangalore,Good
Bangalore,Good
Bangalore,Good
Bangalore,Good
Bangalore,Good
Bangalore,Good
Bangalore,Good
Bangalore,Good
Bangalore,Good
Bangalore,Good
Bangalore,Good
Bangalore,Good
Bangalore,Good
Bangalore,Good
Bangalore,Good
Bangalore,Good
Bangalore,Good
Bangalore,Good
Bangalore,Good
Bangalore,Good
Bangalore,Good
Bangalore,Good
Bangalore,Good
Bangalore,Good
Bangalore,Good
Bangalore,Good
Bangalore,Good
Bangalore,Good
Bangalore,Good
Bangalore,Good
Bangalore,Good
Bangalore,Good
Bangalore,Good
Bangalore,Good
Bangalore,Good
Bangalore,Good
Bangalore,Good
Bangalore,Good
Bangalore,Good
Bangalore,Good
Bangalore,Good
Bangalore,Defective
Bangalore,Good
Bangalore,Good
Bangalore,Good
Bangalore,Good
Bangalore,Good
Bangalore,Good
Pune,Good
Pune,Good
Pune,Good
Pune,Good
Pune,Good
Pune,Good
Pune,Good
Pune,Good
Pune,Good
Pune,Good
Pune,Good
Pune,Good
Pune,Good
Pune,Good
Pune,Good
Pune,Good
Pune,Good
Pune,Good
Pune,Good
Pune,Good
Pune,Good
Pune,Good
Pune,Good
Pune,Good
Pune,Good
Pune,Good
Pune,Good
Pune,Good
Pune,Defective
Pune,Good
Pune,Good
Pune,Good
Pune,Good
Pune,Good
Pune,Good
Pune,Good
Pune,Good
Pune,Good
Pune,Good
Pune,Defective
Pune,Defective
Pune,Good
Pune,Good
Pune,Good
Pune,Good
Pune,Good
Pune,Good
Pune,Good
Pune,Good
Pune,Good
Pune,Good
Pune,Good
Pune,Good
Pune,Good
Pune,Good
Pune,Good
Pune,Good
Pune,Good
Pune,Good
Pune,Good
Pune,Good
Pune,Good
Pune,Good
Pune,Good
Pune,Good
Pune,Good
Pune,Defective
Pune,Good
Pune,Good
Pune,Good
Pune,Good
Pune,Good
Pune,Good
Pune,Good
Pune,Good
Pune,Good
Pune,Good
Pune,Good
Pune,Good
Pune,Good
Pune,Good
Pune,Good
Pune,Good
Pune,Good
Pune,Good
Pune,Good
Pune,Good
Pune,Good
Pune,Good
Pune,Good
Pune,Good
Pune,Good
Pune,Good
Pune,Good
Pune,Good
Pune,Good
Pune,Good
Pune,Good
Pune,Good
Pune,Good
Pune,Good
Pune,Good
Pune,Good
Pune,Good
Pune,Good
Pune,Good
Pune,Good
Pune,Good
Pune,Good
Pune,Good
Pune,Good
Pune,Good
Pune,Defective
Pune,Good
Pune,Good
Pune,Good
Pune,Good
Pune,Good
Pune,Good
Pune,Good
Pune,Good
Pune,Good
Pune,Good
Pune,Good
Pune,Good
Pune,Good
Pune,Good
Pune,Good
Pune,Good
Pune,Good
Pune,Good
Pune,Good
Pune,Good
Pune,Good
Pune,Good
Pune,Good
Pune,Good
Pune,Good
Pune,Good
Pune,Good
Pune,Good
Pune,Good
Pune,Good
Pune,Good
Pune,Good
Pune,Good
Pune,Good
Pune,Good
Pune,Good
Pune,Good
Pune,Good
Pune,Good
Pune,Good
Pune,Good
Pune,Good
Pune,Good
Pune,Good
Pune,Good
Pune,Good
Pune,Good
Pune,Good
Pune,Good
Pune,Good
Pune,Good
Pune,Good
Pune,Good
Pune,Good
Pune,Good
Pune,Good
Pune,Good
Pune,Good
Pune,Good
Pune,Good
Pune,Good
Pune,Good
Pune,Good
Pune,Defective
Pune,Good
Pune,Good
Pune,Good
Pune,Good
Pune,Good
Pune,Good
Pune,Good
Pune,Good
Pune,Good
Pune,Good
Pune,Good
Pune,Good
Pune,Defective
Pune,Good
Pune,Good
Pune,Good
Pune,Good
Pune,Good
Pune,Good
Pune,Good
Pune,Good
Pune,Good
Pune,Good
Pune,Good
Pune,Good
Pune,Good
Pune,Good
Pune,Good
Pune,Defective
Pune,Defective
Pune,Good
Pune,Good
Pune,Good
Pune,Good
Pune,Good
Pune,Good
Pune,Good
Pune,Good
Pune,Good
Pune,Good
Pune,Good
Pune,Good
Pune,Good
Pune,Good
Pune,Good
Pune,Good
Pune,Good
Pune,Good
Pune,Good
Pune,Good
Pune,Good
Pune,Good
Pune,Good
Pune,Good
Pune,Good
Pune,Good
Pune,Good
Pune,Good
Pune,Good
Pune,Good
Pune,Good
Pune,Good
Pune,Good
Pune,Good
Pune,Good
Pune,Good
Pune,Good
Pune,Good
Pune,Good
Pune,Good
Pune,Defective
Pune,Good
Pune,Good
Pune,Good
Pune,Good
Pune,Good
Pune,Good
Pune,Good
Pune,Good
Pune,Good
Pune,Good
Pune,Good
Pune,Good
Pune,Good
Pune,Good
Pune,Good
Pune,Good
Pune,Good
Pune,Good
Pune,Good
Pune,Good
Pune,Good
Pune,Good
Pune,Good
Pune,Good
Pune,Good
Pune,Good
Pune,Good
Pune,Good
Pune,Good
Pune,Good
Pune,Good
Pune,Good
Pune,Good
Pune,Good
Pune,Good
Pune,Good
Pune,Good
Pune,Good
Pune,Good
Pune,Good
Pune,Good
Pune,Good
Pune,Good
Pune,Defective
Pune,Good
Pune,Good
Pune,Good
Pune,Good
Pune,Good
Pune,Good
Pune,Good
Pune,Good
Pune,Good
Pune,Good
Pune,Good
Pune,Good
Pune,Good
Pune,Good
Pune,Good
Pune,Good
Pune,Good
Pune,Good
Pune,Good
Pune,Good
Pune,Good
Pune,Good
Pune,Good
Pune,Defective
Pune,Good
Pune,Good
Pune,Good
Pune,Good
Pune,Good
Pune,Good
Pune,Good
Pune,Good
Pune,Good
Pune,Good
Pune,Good
Pune,Good
Pune,Good
Pune,Good
Pune,Good
Pune,Good
Pune,Good
Pune,Good
Pune,Good
Pune,Good
Pune,Good
Pune,Good
Pune,Good
Pune,Good
Pune,Good
Pune,Good
Pune,Good
Pune,Good
Pune,Good
Pune,Good
Pune,Good
Pune,Good
Pune,Good
Pune,Good
Pune,Good
Pune,Good
Pune,Good
Pune,Good
Pune,Good
Pune,Good
Pune,Good
Pune,Good
Pune,Good
Pune,Good
Pune,Good
Pune,Good
Pune,Good
Pune,Good
Pune,Good
Pune,Good
Pune,Good
Pune,Good
Pune,Good
Pune,Defective
Pune,Good
Pune,Good
Pune,Good
Pune,Good
Pune,Good
Pune,Good
Pune,Good
Pune,Good
Pune,Good
Pune,Good
Pune,Good
Pune,Good
Pune,Good
Pune,Good
Pune,Good
Pune,Good
Pune,Good
Pune,Good
Pune,Good
Pune,Good
Pune,Good
Pune,Good
Pune,Good
Pune,Good
Pune,Good
Pune,Good
Pune,Good
Pune,Good
Pune,Good
Pune,Good
Pune,Good
Pune,Good
Pune,Good
Pune,Good
Pune,Good
Pune,Good
Pune,Good
Pune,Good
Pune,Good
Pune,Good
Pune,Good
Pune,Good
Pune,Good
Pune,Defective
Pune,Good
Pune,Good
Pune,Good
Pune,Good
Pune,Good
Pune,Good
Pune,Good
Pune,Good
Pune,Good
Pune,Good
Pune,Good
Pune,Good
Pune,Good
Pune,Good
Pune,Good
Pune,Good
Pune,Good
Pune,Good
Pune,Good
Pune,Good
Pune,Good
Pune,Good
Pune,Good
Pune,Good
Pune,Good
Pune,Good
Pune,Good
Pune,Good
Pune,Good
Pune,Good
